Type_Income,Average_Income
Pensioner,155713.74648624536
"Commercial associate",233653.13591671232
Working,181191.4343210526
"State servant",211422.41379310345
